username,sale_date,country,product,quantity,unit_price,total_amount
user149,2025-05-10,India,Chicken Nuggets,5,11.14,55.7
user914,2025-06-05,USA,Fried Wings,2,14.53,29.06
user739,2025-07-15,France,Grilled Tenders,1,8.76,8.76
user794,2025-03-03,India,Fried Wings,11,3.11,34.21
user799,2025-04-21,Brazil,Fried Wings,3,14.87,44.61
user159,2025-09-28,Germany,Grilled Tenders,10,9.65,96.5
user915,2025-06-17,Brazil,Spicy Strips,10,5.79,57.9
user255,2025-05-17,USA,Grilled Tenders,17,10.08,171.36
user780,2025-07-19,France,Grilled Tenders,12,11.81,141.72
user864,2025-02-18,USA,Spicy Strips,15,10.71,160.65
user130,2025-06-28,USA,Chicken Nuggets,6,5.75,34.5
user811,2025-08-19,Brazil,Chicken Nuggets,20,13.73,274.6
user766,2025-10-12,Germany,Grilled Tenders,6,2.77,16.62
user434,2025-07-24,Brazil,Chicken Nuggets,16,10.12,161.92
user494,2025-09-15,USA,Grilled Tenders,3,4.45,13.35
user921,2025-09-19,Brazil,Fried Wings,18,3.36,60.48
user856,2025-09-13,France,Fried Wings,19,14.22,270.18
user925,2025-10-27,Germany,Chicken Nuggets,16,6.31,100.96
user847,2025-05-06,Germany,Spicy Strips,11,14.47,159.17
user704,2025-08-28,UK,Grilled Tenders,6,13.92,83.52
user984,2025-04-19,France,Spicy Strips,11,8.11,89.21
user195,2025-01-07,Germany,Chicken Nuggets,6,10.52,63.12
user980,2025-01-07,Brazil,Grilled Tenders,16,14.15,226.4
user44,2025-02-16,UK,Grilled Tenders,11,14.76,162.36
user116,2025-02-22,Brazil,Chicken Nuggets,10,9.69,96.9
user240,2025-03-21,UK,Grilled Tenders,2,14.51,29.02
user500,2025-04-20,Germany,Chicken Nuggets,14,13.58,190.12
user179,2025-08-12,USA,Grilled Tenders,11,6.89,75.79
user109,2025-03-27,UK,Chicken Nuggets,15,12.87,193.05
user588,2025-06-30,India,Grilled Tenders,4,13.0,52.0
user586,2025-08-06,USA,Chicken Nuggets,8,13.34,106.72
user810,2025-09-21,India,Chicken Nuggets,11,7.71,84.81
user375,2025-02-11,USA,Fried Wings,3,14.5,43.5
user504,2025-08-29,India,Fried Wings,18,13.35,240.3
user748,2025-03-16,France,Chicken Nuggets,15,5.08,76.2
user51,2025-02-11,India,Spicy Strips,17,9.97,169.49
user608,2025-03-16,UK,Chicken Nuggets,17,6.03,102.51
user324,2025-05-13,Brazil,Grilled Tenders,4,2.93,11.72
user121,2025-06-02,USA,Fried Wings,9,5.96,53.64
user438,2025-04-11,Brazil,Chicken Nuggets,8,11.66,93.28
user264,2025-02-18,Brazil,Grilled Tenders,1,7.48,7.48
user266,2025-01-31,USA,Grilled Tenders,19,5.25,99.75
user542,2025-08-07,France,Chicken Nuggets,12,11.78,141.36
user820,2025-05-16,India,Chicken Nuggets,15,9.17,137.55
user678,2025-02-04,France,Grilled Tenders,18,9.13,164.34
user127,2025-08-24,Germany,Spicy Strips,10,8.61,86.1
user792,2025-09-26,USA,Grilled Tenders,9,11.47,103.23
user895,2025-09-28,USA,Spicy Strips,12,10.0,120.0
user813,2025-01-12,USA,Spicy Strips,14,5.24,73.36
user706,2025-09-05,Brazil,Fried Wings,3,12.62,37.86
user201,2025-08-02,France,Fried Wings,17,6.38,108.46
user451,2025-06-27,India,Fried Wings,15,14.2,213.0
user617,2025-10-01,USA,Grilled Tenders,13,8.05,104.65
user340,2025-03-27,UK,Fried Wings,14,12.31,172.34
user114,2025-09-29,Germany,Chicken Nuggets,1,13.94,13.94
user835,2025-09-11,Germany,Chicken Nuggets,5,14.34,71.7
user709,2025-05-15,USA,Chicken Nuggets,14,13.35,186.9
user270,2025-04-14,Brazil,Spicy Strips,18,2.77,49.86
user306,2025-09-18,Brazil,Grilled Tenders,6,13.62,81.72
user129,2025-07-22,India,Spicy Strips,13,10.92,141.96
user630,2025-07-05,France,Fried Wings,3,6.94,20.82
user74,2025-09-28,USA,Spicy Strips,4,10.86,43.44
user173,2025-07-14,USA,Spicy Strips,16,4.01,64.16
user749,2025-10-24,France,Grilled Tenders,4,14.57,58.28
user300,2025-10-08,Brazil,Fried Wings,12,6.78,81.36
user755,2025-05-09,Germany,Chicken Nuggets,8,3.11,24.88
user123,2025-10-19,Germany,Fried Wings,20,7.27,145.4
user429,2025-10-20,USA,Fried Wings,6,3.3,19.8
user798,2025-09-25,India,Spicy Strips,19,11.31,214.89
user353,2025-08-08,France,Spicy Strips,20,7.24,144.8
user767,2025-05-09,India,Grilled Tenders,18,10.98,197.64
user971,2025-06-06,France,Grilled Tenders,3,11.15,33.45
user434,2025-04-11,France,Chicken Nuggets,11,6.67,73.37
user702,2025-09-16,Germany,Chicken Nuggets,4,10.29,41.16
user353,2025-10-12,India,Spicy Strips,13,6.23,80.99
user81,2025-04-09,France,Fried Wings,18,12.25,220.5
user944,2025-03-19,India,Spicy Strips,14,12.75,178.5
user433,2025-08-21,Brazil,Chicken Nuggets,11,10.31,113.41
user527,2025-08-02,Brazil,Chicken Nuggets,8,5.56,44.48
user964,2025-01-23,Germany,Grilled Tenders,19,9.99,189.81
user108,2025-02-07,France,Chicken Nuggets,13,13.41,174.33
user922,2025-06-15,France,Chicken Nuggets,18,7.75,139.5
user598,2025-09-21,Brazil,Grilled Tenders,9,6.85,61.65
user953,2025-01-15,India,Fried Wings,13,10.72,139.36
user304,2025-04-11,USA,Fried Wings,16,8.96,143.36
user707,2025-02-26,Germany,Grilled Tenders,18,6.68,120.24
user385,2025-05-05,UK,Chicken Nuggets,16,7.03,112.48
user86,2025-01-17,Brazil,Fried Wings,16,11.77,188.32
user61,2025-06-08,Brazil,Grilled Tenders,11,5.01,55.11
user529,2025-08-18,Brazil,Fried Wings,16,8.28,132.48
user223,2025-02-24,Brazil,Chicken Nuggets,11,13.29,146.19
user333,2025-04-16,France,Spicy Strips,3,5.84,17.52
user544,2025-10-17,Brazil,Grilled Tenders,1,11.6,11.6
user497,2025-03-03,Brazil,Spicy Strips,1,13.75,13.75
user695,2025-01-22,UK,Spicy Strips,6,3.42,20.52
user968,2025-10-11,USA,Spicy Strips,5,10.56,52.8
user843,2025-05-30,Brazil,Fried Wings,1,6.53,6.53
user806,2025-02-01,USA,Grilled Tenders,8,10.87,86.96
user813,2025-06-08,India,Chicken Nuggets,7,6.54,45.78
user202,2025-07-01,UK,Spicy Strips,15,8.52,127.8
user170,2025-05-17,USA,Grilled Tenders,3,9.71,29.13
user742,2025-07-28,USA,Fried Wings,14,10.74,150.36
user28,2025-10-06,Brazil,Chicken Nuggets,17,8.65,147.05
user167,2025-04-18,UK,Fried Wings,6,3.62,21.72
user492,2025-08-22,Germany,Fried Wings,2,3.3,6.6
user914,2025-01-31,USA,Spicy Strips,2,14.64,29.28
user970,2025-01-06,USA,Grilled Tenders,17,2.63,44.71
user464,2025-01-17,France,Chicken Nuggets,5,7.22,36.1
user447,2025-05-30,Brazil,Grilled Tenders,13,2.89,37.57
user631,2025-02-24,USA,Grilled Tenders,11,8.93,98.23
user195,2025-08-25,India,Spicy Strips,17,10.81,183.77
user36,2025-04-03,India,Spicy Strips,4,7.44,29.76
user955,2025-10-12,Brazil,Fried Wings,19,14.3,271.7
user318,2025-05-25,India,Spicy Strips,4,7.14,28.56
user484,2025-08-14,UK,Spicy Strips,19,10.87,206.53
user365,2025-05-19,USA,Spicy Strips,11,13.78,151.58
user86,2025-04-28,USA,Chicken Nuggets,5,6.22,31.1
user179,2025-02-06,Germany,Chicken Nuggets,5,13.91,69.55
user47,2025-07-28,USA,Grilled Tenders,2,7.64,15.28
user507,2025-07-11,India,Fried Wings,1,10.39,10.39
user268,2025-03-03,Brazil,Grilled Tenders,12,8.62,103.44
user96,2025-03-29,UK,Grilled Tenders,7,11.88,83.16
user361,2025-08-12,USA,Spicy Strips,5,7.33,36.65
user651,2025-10-10,UK,Spicy Strips,11,9.49,104.39
user862,2025-06-07,UK,Chicken Nuggets,8,10.38,83.04
user174,2025-03-16,India,Spicy Strips,16,9.68,154.88
user826,2025-09-03,France,Fried Wings,4,9.38,37.52
user10,2025-06-14,USA,Chicken Nuggets,2,14.1,28.2
user220,2025-07-21,Germany,Fried Wings,9,5.06,45.54
user854,2025-06-05,India,Spicy Strips,18,13.93,250.74
user785,2025-07-10,USA,Grilled Tenders,1,12.59,12.59
user278,2025-10-11,Germany,Grilled Tenders,5,11.99,59.95
user97,2025-05-20,Germany,Spicy Strips,7,12.11,84.77
user263,2025-06-17,USA,Chicken Nuggets,4,14.18,56.72
user243,2025-05-13,France,Fried Wings,19,6.44,122.36
user63,2025-05-08,India,Spicy Strips,8,4.41,35.28
user922,2025-09-01,France,Fried Wings,13,10.43,135.59
user949,2025-06-27,UK,Chicken Nuggets,6,13.46,80.76
user42,2025-06-11,India,Fried Wings,2,13.62,27.24
user559,2025-02-26,Brazil,Chicken Nuggets,15,4.68,70.2
user54,2025-03-06,Brazil,Fried Wings,16,4.89,78.24
user479,2025-05-09,Germany,Spicy Strips,3,8.24,24.72
user718,2025-05-05,Germany,Grilled Tenders,18,13.59,244.62
user521,2025-10-08,Germany,Spicy Strips,18,4.46,80.28
user173,2025-04-09,France,Grilled Tenders,16,3.26,52.16
user677,2025-07-02,UK,Chicken Nuggets,4,9.51,38.04
user265,2025-06-07,Brazil,Grilled Tenders,15,7.46,111.9
user973,2025-06-15,India,Chicken Nuggets,16,5.55,88.8
user929,2025-03-26,Germany,Fried Wings,18,8.29,149.22
user359,2025-04-05,Brazil,Grilled Tenders,3,12.13,36.39
user75,2025-04-16,India,Chicken Nuggets,11,11.8,129.8
user709,2025-08-12,Brazil,Grilled Tenders,13,7.26,94.38
user698,2025-08-09,UK,Chicken Nuggets,6,13.17,79.02
user277,2025-05-10,Brazil,Grilled Tenders,3,8.0,24.0
user112,2025-04-19,Brazil,Spicy Strips,8,2.88,23.04
user815,2025-10-21,India,Spicy Strips,18,4.98,89.64
user425,2025-10-22,France,Chicken Nuggets,18,4.95,89.1
user386,2025-04-26,India,Grilled Tenders,3,9.9,29.7
user580,2025-04-04,Germany,Spicy Strips,3,2.88,8.64
user842,2025-10-09,Brazil,Chicken Nuggets,9,11.11,99.99
user101,2025-03-24,Brazil,Grilled Tenders,16,13.51,216.16
user101,2025-05-17,UK,Spicy Strips,10,5.16,51.6
user739,2025-03-28,USA,Spicy Strips,9,5.59,50.31
user694,2025-10-24,India,Grilled Tenders,13,5.36,69.68
user135,2025-09-12,UK,Fried Wings,16,6.82,109.12
user760,2025-10-15,Brazil,Grilled Tenders,11,14.5,159.5
user651,2025-08-13,France,Chicken Nuggets,10,3.72,37.2
user692,2025-01-16,India,Spicy Strips,7,12.42,86.94
user383,2025-10-10,Brazil,Spicy Strips,12,9.47,113.64
user366,2025-06-06,UK,Fried Wings,15,6.67,100.05
user625,2025-04-25,Brazil,Spicy Strips,11,11.8,129.8
user685,2025-04-25,India,Fried Wings,8,13.15,105.2
user860,2025-10-12,Germany,Grilled Tenders,16,3.41,54.56
user629,2025-06-02,Brazil,Spicy Strips,12,9.72,116.64
user824,2025-06-30,Germany,Chicken Nuggets,13,12.72,165.36
user424,2025-02-27,Germany,Grilled Tenders,18,5.81,104.58
user657,2025-06-05,India,Chicken Nuggets,7,12.29,86.03
user266,2025-02-08,UK,Grilled Tenders,2,5.86,11.72
user517,2025-09-26,Germany,Fried Wings,12,6.45,77.4
user157,2025-01-08,USA,Chicken Nuggets,7,9.07,63.49
user800,2025-05-10,India,Chicken Nuggets,12,8.64,103.68
user987,2025-06-04,USA,Chicken Nuggets,5,10.67,53.35
user651,2025-06-30,India,Spicy Strips,6,13.04,78.24
user790,2025-05-13,UK,Grilled Tenders,12,4.65,55.8
user678,2025-03-27,India,Chicken Nuggets,9,8.52,76.68
user548,2025-04-22,USA,Chicken Nuggets,20,2.59,51.8
user844,2025-01-20,Germany,Grilled Tenders,6,7.03,42.18
user915,2025-05-19,Brazil,Chicken Nuggets,13,13.1,170.3
user342,2025-03-30,France,Grilled Tenders,7,7.38,51.66
user923,2025-09-18,France,Chicken Nuggets,12,13.6,163.2
user119,2025-07-18,France,Grilled Tenders,10,3.83,38.3
user100,2025-07-13,Germany,Spicy Strips,14,11.58,162.12
user788,2025-08-16,Germany,Fried Wings,10,5.68,56.8
user789,2025-01-21,France,Spicy Strips,13,7.99,103.87
user275,2025-09-27,India,Spicy Strips,8,11.44,91.52
user37,2025-09-19,Germany,Fried Wings,18,8.08,145.44
user19,2025-03-12,Germany,Fried Wings,20,9.54,190.8
user541,2025-07-16,Brazil,Fried Wings,13,12.55,163.15
user244,2025-01-27,Germany,Chicken Nuggets,7,11.35,79.45
user15,2025-05-09,France,Grilled Tenders,14,6.13,85.82
user523,2025-09-12,USA,Spicy Strips,14,9.27,129.78
user787,2025-06-21,Germany,Spicy Strips,3,7.13,21.39
user614,2025-04-13,France,Chicken Nuggets,9,7.84,70.56
user621,2025-02-20,India,Grilled Tenders,2,8.43,16.86
user658,2025-03-27,UK,Chicken Nuggets,3,6.22,18.66
user412,2025-01-29,Brazil,Spicy Strips,10,8.97,89.7
user882,2025-04-12,India,Spicy Strips,17,5.14,87.38
user882,2025-07-03,Brazil,Fried Wings,16,10.42,166.72
user727,2025-09-09,France,Chicken Nuggets,2,3.59,7.18
user569,2025-04-05,Brazil,Grilled Tenders,19,10.77,204.63
user880,2025-10-01,Germany,Fried Wings,5,10.75,53.75
user835,2025-01-22,India,Chicken Nuggets,6,3.73,22.38
user743,2025-03-13,India,Grilled Tenders,17,2.94,49.98
user478,2025-05-25,UK,Fried Wings,13,10.22,132.86
user983,2025-07-03,Brazil,Grilled Tenders,18,5.73,103.14
user544,2025-01-21,India,Grilled Tenders,19,9.46,179.74
user650,2025-06-09,USA,Chicken Nuggets,19,3.51,66.69
user45,2025-04-25,India,Fried Wings,14,12.49,174.86
user914,2025-01-22,Germany,Grilled Tenders,12,4.95,59.4
user17,2025-02-13,Brazil,Spicy Strips,1,5.62,5.62
user403,2025-09-16,Germany,Grilled Tenders,18,6.82,122.76
user937,2025-04-10,UK,Spicy Strips,17,7.54,128.18
user813,2025-01-07,France,Chicken Nuggets,8,9.25,74.0
user130,2025-03-23,India,Chicken Nuggets,6,4.36,26.16
user90,2025-08-03,Brazil,Fried Wings,2,11.46,22.92
user314,2025-06-03,Germany,Grilled Tenders,13,9.31,121.03
user399,2025-09-24,France,Grilled Tenders,8,4.61,36.88
user469,2025-04-15,India,Fried Wings,9,8.81,79.29
user325,2025-05-22,Germany,Fried Wings,13,14.58,189.54
user934,2025-08-22,India,Spicy Strips,16,10.85,173.6
user178,2025-08-20,UK,Spicy Strips,10,3.67,36.7
user31,2025-07-06,Germany,Fried Wings,6,11.98,71.88
user314,2025-05-15,India,Grilled Tenders,2,14.02,28.04
user499,2025-05-30,Germany,Fried Wings,12,5.71,68.52
user468,2025-03-01,Brazil,Chicken Nuggets,3,12.1,36.3
user832,2025-04-25,Brazil,Chicken Nuggets,12,6.05,72.6
user875,2025-08-28,Germany,Grilled Tenders,18,8.68,156.24
user221,2025-02-15,India,Spicy Strips,17,2.64,44.88
user660,2025-06-14,France,Fried Wings,9,12.35,111.15
user41,2025-01-06,Germany,Chicken Nuggets,7,13.08,91.56
user957,2025-07-16,Brazil,Chicken Nuggets,5,3.72,18.6
user662,2025-07-29,India,Grilled Tenders,11,14.27,156.97
user641,2025-01-05,France,Fried Wings,7,14.52,101.64
user970,2025-09-26,Brazil,Grilled Tenders,13,3.2,41.6
user717,2025-07-04,Brazil,Chicken Nuggets,15,10.27,154.05
user524,2025-01-09,France,Spicy Strips,4,9.44,37.76
user867,2025-10-02,Brazil,Chicken Nuggets,14,11.11,155.54
user629,2025-10-25,France,Fried Wings,1,9.71,9.71
user964,2025-01-03,UK,Grilled Tenders,6,6.82,40.92
user772,2025-03-18,France,Fried Wings,18,5.64,101.52
user533,2025-09-16,Germany,Fried Wings,1,3.99,3.99
user764,2025-09-29,India,Chicken Nuggets,1,2.98,2.98
user178,2025-08-20,France,Grilled Tenders,4,13.99,55.96
user161,2025-10-06,Brazil,Grilled Tenders,6,10.75,64.5
user382,2025-03-01,France,Grilled Tenders,8,8.82,70.56
user350,2025-07-21,Germany,Grilled Tenders,5,4.32,21.6
user271,2025-01-29,USA,Grilled Tenders,5,11.56,57.8
user818,2025-10-21,USA,Spicy Strips,20,5.57,111.4
user581,2025-01-20,Germany,Chicken Nuggets,12,7.3,87.6
user898,2025-10-25,Germany,Chicken Nuggets,1,4.32,4.32
user753,2025-10-15,India,Chicken Nuggets,16,7.78,124.48
user966,2025-01-12,Germany,Spicy Strips,2,8.72,17.44
user376,2025-07-05,India,Grilled Tenders,3,6.12,18.36
user79,2025-08-11,UK,Grilled Tenders,7,13.34,93.38
user260,2025-05-30,UK,Grilled Tenders,11,6.58,72.38
user104,2025-05-20,France,Spicy Strips,10,13.83,138.3
user422,2025-05-16,UK,Grilled Tenders,13,3.82,49.66
user478,2025-05-31,UK,Fried Wings,11,12.46,137.06
user136,2025-10-13,USA,Fried Wings,10,10.09,100.9
user710,2025-07-05,Brazil,Grilled Tenders,7,9.41,65.87
user514,2025-07-16,India,Grilled Tenders,16,14.37,229.92
user939,2025-01-18,Germany,Grilled Tenders,12,12.4,148.8
user873,2025-06-28,India,Spicy Strips,4,12.18,48.72
user546,2025-03-18,USA,Chicken Nuggets,3,7.16,21.48
user86,2025-07-23,India,Grilled Tenders,16,14.86,237.76
user501,2025-03-08,UK,Chicken Nuggets,20,3.31,66.2
user283,2025-07-28,Germany,Chicken Nuggets,19,3.3,62.7
user675,2025-01-22,USA,Spicy Strips,13,10.04,130.52
user305,2025-10-18,India,Grilled Tenders,10,14.86,148.6
user157,2025-01-26,France,Spicy Strips,1,7.49,7.49
user983,2025-03-01,Brazil,Spicy Strips,17,13.16,223.72
user475,2025-02-06,UK,Grilled Tenders,7,7.2,50.4
user525,2025-09-17,USA,Fried Wings,5,7.92,39.6
user653,2025-02-28,UK,Grilled Tenders,20,8.78,175.6
user415,2025-01-24,France,Spicy Strips,15,11.96,179.4
user295,2025-02-08,Brazil,Chicken Nuggets,7,3.83,26.81
user625,2025-03-31,India,Spicy Strips,5,10.65,53.25
user740,2025-08-13,Brazil,Grilled Tenders,13,4.43,57.59
user234,2025-04-16,France,Spicy Strips,1,8.82,8.82
user175,2025-06-07,Germany,Fried Wings,10,8.62,86.2
user930,2025-03-05,Germany,Spicy Strips,7,8.18,57.26
user247,2025-01-05,USA,Chicken Nuggets,17,7.74,131.58
user815,2025-01-29,USA,Fried Wings,20,12.14,242.8
user111,2025-06-10,India,Grilled Tenders,19,10.24,194.56
user707,2025-10-27,France,Grilled Tenders,13,10.79,140.27
user39,2025-07-04,Brazil,Chicken Nuggets,20,7.88,157.6
user174,2025-01-29,France,Grilled Tenders,8,2.87,22.96
user891,2025-09-19,USA,Fried Wings,3,14.08,42.24
user846,2025-03-08,India,Grilled Tenders,10,10.58,105.8
user274,2025-10-27,Brazil,Grilled Tenders,2,13.11,26.22
user102,2025-01-28,France,Spicy Strips,10,8.71,87.1
user906,2025-01-06,Brazil,Fried Wings,8,2.62,20.96
user725,2025-02-22,India,Chicken Nuggets,3,4.78,14.34
user449,2025-03-01,India,Chicken Nuggets,18,4.85,87.3
user415,2025-05-08,France,Grilled Tenders,20,2.83,56.6
user405,2025-07-30,UK,Spicy Strips,13,10.55,137.15
user405,2025-04-05,Germany,Fried Wings,10,8.55,85.5
user693,2025-02-24,Germany,Chicken Nuggets,2,14.43,28.86
user407,2025-03-07,UK,Fried Wings,12,7.14,85.68
user13,2025-08-06,India,Grilled Tenders,19,9.18,174.42
user894,2025-10-07,Germany,Fried Wings,15,3.16,47.4
user359,2025-03-01,Germany,Grilled Tenders,11,3.08,33.88
user936,2025-09-23,UK,Fried Wings,5,12.73,63.65
user97,2025-02-26,India,Spicy Strips,14,6.51,91.14
user487,2025-03-21,India,Grilled Tenders,1,6.01,6.01
user35,2025-06-09,Germany,Fried Wings,12,5.67,68.04
user895,2025-07-03,USA,Grilled Tenders,13,5.82,75.66
user310,2025-06-21,Germany,Fried Wings,11,3.87,42.57
user968,2025-05-26,UK,Spicy Strips,4,7.22,28.88
user946,2025-10-05,Brazil,Chicken Nuggets,15,6.08,91.2
user32,2025-07-07,Germany,Chicken Nuggets,4,4.44,17.76
user531,2025-05-15,Brazil,Spicy Strips,2,14.37,28.74
user206,2025-08-01,Germany,Fried Wings,2,14.42,28.84
user938,2025-04-02,India,Spicy Strips,1,8.69,8.69
user641,2025-03-25,France,Chicken Nuggets,1,6.46,6.46
user353,2025-07-02,India,Grilled Tenders,6,10.37,62.22
user675,2025-03-18,Brazil,Grilled Tenders,18,5.17,93.06
user31,2025-01-12,Brazil,Fried Wings,12,9.32,111.84
user237,2025-10-09,France,Grilled Tenders,16,6.88,110.08
user1000,2025-03-08,Brazil,Fried Wings,2,11.08,22.16
user964,2025-10-24,France,Chicken Nuggets,19,10.84,205.96
user253,2025-07-19,UK,Spicy Strips,10,5.67,56.7
user33,2025-05-20,UK,Chicken Nuggets,13,4.36,56.68
user486,2025-02-24,France,Spicy Strips,14,4.3,60.2
user68,2025-07-07,UK,Grilled Tenders,18,10.91,196.38
user633,2025-05-04,USA,Grilled Tenders,3,11.34,34.02
user318,2025-02-26,UK,Chicken Nuggets,7,14.41,100.87
user242,2025-08-15,UK,Spicy Strips,3,8.06,24.18
user29,2025-07-11,Brazil,Chicken Nuggets,6,9.75,58.5
user454,2025-04-26,India,Fried Wings,12,12.28,147.36
user111,2025-04-22,Brazil,Spicy Strips,3,2.95,8.85
user151,2025-10-10,Germany,Spicy Strips,5,3.47,17.35
user732,2025-06-01,USA,Fried Wings,9,5.8,52.2
user820,2025-05-01,UK,Chicken Nuggets,20,12.3,246.0
user793,2025-08-08,Brazil,Grilled Tenders,4,6.06,24.24
user272,2025-07-11,USA,Chicken Nuggets,2,5.07,10.14
user401,2025-03-29,UK,Spicy Strips,2,7.47,14.94
user279,2025-08-24,UK,Fried Wings,6,4.52,27.12
user505,2025-06-13,Brazil,Spicy Strips,5,9.64,48.2
user327,2025-05-22,UK,Spicy Strips,15,14.92,223.8
user663,2025-05-11,France,Fried Wings,18,10.86,195.48
user626,2025-05-01,France,Grilled Tenders,16,6.78,108.48
user497,2025-08-23,Brazil,Chicken Nuggets,10,11.03,110.3
user606,2025-05-18,Brazil,Chicken Nuggets,18,3.77,67.86
user883,2025-05-25,USA,Grilled Tenders,11,9.57,105.27
user652,2025-10-01,UK,Grilled Tenders,19,4.74,90.06
user218,2025-07-15,UK,Fried Wings,16,8.28,132.48
user827,2025-03-11,Germany,Spicy Strips,8,13.31,106.48
user651,2025-07-09,India,Fried Wings,13,3.51,45.63
user536,2025-05-05,Brazil,Grilled Tenders,8,6.66,53.28
user313,2025-09-17,India,Chicken Nuggets,3,10.34,31.02
user680,2025-05-17,USA,Grilled Tenders,13,4.22,54.86
user513,2025-01-03,Brazil,Grilled Tenders,8,10.57,84.56
user83,2025-02-27,USA,Spicy Strips,15,3.35,50.25
user418,2025-10-22,Brazil,Spicy Strips,2,8.08,16.16
user838,2025-06-03,Germany,Fried Wings,18,10.32,185.76
user586,2025-07-01,India,Spicy Strips,13,14.16,184.08
user682,2025-08-12,Brazil,Fried Wings,12,10.49,125.88
user521,2025-07-28,France,Fried Wings,12,4.24,50.88
user227,2025-09-10,France,Fried Wings,20,11.71,234.2
user583,2025-07-12,France,Grilled Tenders,8,6.57,52.56
user228,2025-05-13,Germany,Fried Wings,17,5.75,97.75
user480,2025-01-18,Brazil,Grilled Tenders,20,4.54,90.8
user727,2025-06-14,Germany,Grilled Tenders,7,7.77,54.39
user351,2025-09-17,UK,Chicken Nuggets,5,7.02,35.1
user421,2025-07-04,France,Spicy Strips,1,5.0,5.0
user20,2025-08-23,USA,Fried Wings,7,2.56,17.92
user768,2025-07-07,USA,Chicken Nuggets,18,11.1,199.8
user115,2025-08-16,India,Grilled Tenders,20,9.43,188.6
user295,2025-08-27,Germany,Fried Wings,8,5.37,42.96
user824,2025-07-25,Brazil,Fried Wings,4,14.54,58.16
user280,2025-10-15,India,Chicken Nuggets,13,14.78,192.14
user97,2025-05-18,USA,Chicken Nuggets,10,9.66,96.6
user57,2025-10-13,India,Fried Wings,12,13.39,160.68
user881,2025-02-26,India,Grilled Tenders,3,6.65,19.95
user309,2025-01-16,Brazil,Chicken Nuggets,13,5.79,75.27
user340,2025-05-30,USA,Fried Wings,1,7.44,7.44
user232,2025-04-01,France,Fried Wings,15,14.92,223.8
user137,2025-01-16,UK,Grilled Tenders,11,3.36,36.96
user458,2025-02-14,USA,Grilled Tenders,6,12.89,77.34
user292,2025-03-17,India,Chicken Nuggets,2,3.06,6.12
user609,2025-03-30,USA,Chicken Nuggets,14,4.67,65.38
user161,2025-05-22,India,Grilled Tenders,4,10.64,42.56
user464,2025-09-10,India,Chicken Nuggets,13,3.82,49.66
user170,2025-05-30,India,Fried Wings,5,2.86,14.3
user375,2025-08-20,USA,Grilled Tenders,6,8.94,53.64
user248,2025-06-24,UK,Grilled Tenders,6,6.15,36.9
user235,2025-01-22,USA,Chicken Nuggets,4,12.76,51.04
user70,2025-07-02,Germany,Chicken Nuggets,16,5.7,91.2
user465,2025-08-25,India,Grilled Tenders,20,7.26,145.2
user707,2025-02-26,UK,Grilled Tenders,11,12.91,142.01
user765,2025-03-17,India,Fried Wings,7,13.87,97.09
user487,2025-05-19,France,Fried Wings,9,2.9,26.1
user222,2025-02-11,Germany,Grilled Tenders,14,9.92,138.88
user474,2025-10-19,India,Fried Wings,11,13.22,145.42
user877,2025-04-06,France,Chicken Nuggets,19,8.48,161.12
user967,2025-05-16,France,Chicken Nuggets,14,12.2,170.8
user917,2025-04-05,India,Chicken Nuggets,18,10.39,187.02
user976,2025-05-15,USA,Grilled Tenders,7,10.45,73.15
user628,2025-08-17,Germany,Fried Wings,1,6.63,6.63
user872,2025-08-16,India,Grilled Tenders,18,6.24,112.32
user779,2025-06-22,France,Chicken Nuggets,6,13.86,83.16
user371,2025-08-16,France,Chicken Nuggets,10,6.24,62.4
user199,2025-03-11,Germany,Fried Wings,9,4.63,41.67
user482,2025-06-02,UK,Chicken Nuggets,4,3.13,12.52
user788,2025-10-19,USA,Spicy Strips,12,5.8,69.6
user497,2025-08-28,India,Grilled Tenders,4,13.08,52.32
user489,2025-05-07,India,Grilled Tenders,7,11.63,81.41
user464,2025-06-23,Germany,Fried Wings,14,13.35,186.9
user794,2025-03-15,India,Fried Wings,13,7.97,103.61
user942,2025-04-24,Brazil,Chicken Nuggets,9,14.26,128.34
user707,2025-01-05,France,Chicken Nuggets,4,14.74,58.96
user592,2025-03-03,Brazil,Grilled Tenders,4,6.96,27.84
user150,2025-10-21,UK,Chicken Nuggets,17,8.98,152.66
user857,2025-04-13,UK,Fried Wings,13,8.51,110.63
user408,2025-02-23,France,Fried Wings,5,5.83,29.15
user726,2025-07-05,Germany,Grilled Tenders,12,7.39,88.68
user269,2025-06-06,Brazil,Fried Wings,10,11.18,111.8
user135,2025-09-20,USA,Grilled Tenders,4,6.56,26.24
user145,2025-09-02,Germany,Spicy Strips,15,7.97,119.55
user669,2025-03-31,Brazil,Fried Wings,16,11.66,186.56
user644,2025-05-03,Germany,Grilled Tenders,2,7.57,15.14
user304,2025-10-25,Brazil,Fried Wings,17,5.02,85.34
user681,2025-02-11,India,Chicken Nuggets,12,2.9,34.8
user236,2025-09-06,Germany,Spicy Strips,2,12.2,24.4
user873,2025-01-20,USA,Fried Wings,9,3.51,31.59
user630,2025-10-10,Germany,Fried Wings,14,7.87,110.18
user423,2025-10-18,UK,Grilled Tenders,18,11.28,203.04
user175,2025-02-10,Brazil,Fried Wings,18,14.98,269.64
user493,2025-02-25,Brazil,Grilled Tenders,3,3.03,9.09
user756,2025-01-22,India,Chicken Nuggets,1,2.68,2.68
user791,2025-08-13,France,Chicken Nuggets,11,7.84,86.24
user940,2025-07-31,Germany,Spicy Strips,17,9.82,166.94
user296,2025-07-28,USA,Chicken Nuggets,20,13.34,266.8
user834,2025-06-22,UK,Chicken Nuggets,2,6.69,13.38
user190,2025-05-24,Brazil,Chicken Nuggets,17,6.27,106.59
user629,2025-06-03,Germany,Grilled Tenders,12,3.44,41.28
user633,2025-04-13,Germany,Chicken Nuggets,4,11.21,44.84
user631,2025-07-19,India,Spicy Strips,1,6.58,6.58
user382,2025-10-18,UK,Fried Wings,13,6.24,81.12
user614,2025-04-21,Brazil,Fried Wings,4,12.02,48.08
user32,2025-03-25,Brazil,Spicy Strips,13,11.58,150.54
user191,2025-04-20,UK,Spicy Strips,8,12.2,97.6
user475,2025-07-01,France,Chicken Nuggets,7,14.59,102.13
user918,2025-04-07,Brazil,Chicken Nuggets,14,9.24,129.36
user2,2025-07-14,France,Spicy Strips,10,2.86,28.6
user995,2025-03-24,USA,Grilled Tenders,6,10.49,62.94
user249,2025-03-04,UK,Chicken Nuggets,4,5.53,22.12
user856,2025-09-16,India,Spicy Strips,6,5.53,33.18
user824,2025-10-27,Brazil,Fried Wings,16,7.88,126.08
user691,2025-01-11,USA,Chicken Nuggets,5,13.0,65.0
user736,2025-05-19,India,Chicken Nuggets,1,6.8,6.8
user507,2025-02-23,USA,Fried Wings,17,10.98,186.66
user140,2025-02-26,Germany,Spicy Strips,6,4.77,28.62
user142,2025-01-08,India,Spicy Strips,2,12.41,24.82
user224,2025-01-18,UK,Chicken Nuggets,13,7.66,99.58
user231,2025-05-05,UK,Spicy Strips,7,13.0,91.0
user710,2025-07-16,Brazil,Chicken Nuggets,8,10.05,80.4
user810,2025-02-20,France,Chicken Nuggets,14,13.09,183.26
user974,2025-03-22,India,Fried Wings,9,9.24,83.16
user64,2025-08-10,France,Fried Wings,9,8.29,74.61
user577,2025-04-07,USA,Grilled Tenders,11,9.32,102.52
user253,2025-05-29,India,Fried Wings,11,13.8,151.8
user35,2025-10-25,UK,Grilled Tenders,16,13.85,221.6
user18,2025-10-24,France,Chicken Nuggets,6,9.36,56.16
user824,2025-05-02,USA,Spicy Strips,11,11.78,129.58
user221,2025-09-03,Germany,Fried Wings,10,12.7,127.0
user982,2025-03-10,UK,Spicy Strips,13,4.22,54.86
user711,2025-01-10,India,Chicken Nuggets,8,6.85,54.8
user472,2025-03-20,Brazil,Grilled Tenders,20,3.1,62.0
user210,2025-01-26,Brazil,Chicken Nuggets,8,4.42,35.36
user341,2025-06-17,France,Spicy Strips,7,12.37,86.59
user476,2025-08-22,UK,Grilled Tenders,14,13.04,182.56
user826,2025-10-15,India,Spicy Strips,18,14.38,258.84
user781,2025-06-10,UK,Fried Wings,3,2.52,7.56
user685,2025-10-02,UK,Fried Wings,14,12.85,179.9
user661,2025-10-07,UK,Grilled Tenders,3,12.17,36.51
user563,2025-02-10,USA,Fried Wings,10,8.48,84.8
user822,2025-03-11,USA,Grilled Tenders,18,12.69,228.42
user351,2025-01-30,UK,Fried Wings,12,13.88,166.56
user485,2025-09-21,France,Fried Wings,7,7.27,50.89
user334,2025-02-08,Brazil,Fried Wings,14,8.62,120.68
user903,2025-09-16,UK,Chicken Nuggets,4,9.83,39.32
user762,2025-05-01,Germany,Chicken Nuggets,9,12.58,113.22
user771,2025-06-24,Brazil,Spicy Strips,15,13.07,196.05
user856,2025-02-06,UK,Fried Wings,7,10.39,72.73
user789,2025-08-20,India,Spicy Strips,19,10.11,192.09
user548,2025-04-10,France,Fried Wings,5,9.08,45.4
user85,2025-07-12,Germany,Spicy Strips,16,5.49,87.84
user637,2025-10-28,UK,Chicken Nuggets,1,12.5,12.5
user899,2025-01-14,USA,Grilled Tenders,1,10.92,10.92
user108,2025-10-25,France,Fried Wings,14,13.65,191.1
user876,2025-05-20,Brazil,Chicken Nuggets,2,7.48,14.96
user57,2025-01-27,Germany,Chicken Nuggets,2,13.03,26.06
user314,2025-06-05,UK,Spicy Strips,12,8.34,100.08
user447,2025-10-18,Brazil,Chicken Nuggets,19,14.88,282.72
user665,2025-04-02,UK,Spicy Strips,11,10.28,113.08
user147,2025-08-21,France,Fried Wings,19,13.2,250.8
user974,2025-04-16,India,Spicy Strips,3,9.19,27.57
user126,2025-04-07,USA,Fried Wings,3,14.03,42.09
user508,2025-05-28,UK,Chicken Nuggets,20,10.14,202.8
user636,2025-07-15,Brazil,Grilled Tenders,19,12.35,234.65
user516,2025-07-20,Brazil,Chicken Nuggets,8,3.22,25.76
user86,2025-02-08,USA,Grilled Tenders,1,3.58,3.58
user747,2025-08-01,Germany,Chicken Nuggets,9,3.52,31.68
user963,2025-08-05,Germany,Spicy Strips,10,11.75,117.5
user691,2025-04-01,India,Chicken Nuggets,17,8.15,138.55
user681,2025-10-17,Brazil,Chicken Nuggets,16,5.85,93.6
user570,2025-09-19,UK,Chicken Nuggets,15,7.65,114.75
user943,2025-06-10,Brazil,Chicken Nuggets,1,14.11,14.11
user814,2025-01-07,France,Fried Wings,8,10.61,84.88
user782,2025-05-18,Brazil,Chicken Nuggets,19,13.28,252.32
user821,2025-03-19,Germany,Grilled Tenders,14,9.42,131.88
user56,2025-02-18,India,Spicy Strips,18,6.32,113.76
user936,2025-05-31,USA,Spicy Strips,17,9.87,167.79
user176,2025-05-21,Brazil,Spicy Strips,19,2.61,49.59
user474,2025-06-11,France,Grilled Tenders,14,4.74,66.36
user638,2025-06-12,India,Fried Wings,5,11.25,56.25
user304,2025-09-10,India,Grilled Tenders,5,11.53,57.65
user542,2025-01-13,UK,Chicken Nuggets,17,3.67,62.39
user190,2025-01-27,France,Chicken Nuggets,7,4.82,33.74
user753,2025-04-15,India,Fried Wings,14,3.98,55.72
user605,2025-04-16,France,Grilled Tenders,15,4.45,66.75
user474,2025-03-14,USA,Grilled Tenders,13,4.97,64.61
user212,2025-07-27,India,Chicken Nuggets,15,14.87,223.05
user308,2025-09-24,UK,Chicken Nuggets,10,2.91,29.1
user329,2025-06-05,USA,Grilled Tenders,15,11.99,179.85
user81,2025-04-21,USA,Fried Wings,13,7.34,95.42
user347,2025-07-31,France,Chicken Nuggets,3,4.58,13.74
user319,2025-06-21,Brazil,Chicken Nuggets,13,10.38,134.94
user70,2025-05-03,UK,Chicken Nuggets,8,5.29,42.32
user842,2025-01-20,USA,Grilled Tenders,6,12.76,76.56
user109,2025-05-21,Brazil,Chicken Nuggets,8,13.0,104.0
user857,2025-02-07,USA,Spicy Strips,16,8.41,134.56
user655,2025-04-27,India,Fried Wings,11,6.06,66.66
user612,2025-01-18,Germany,Spicy Strips,17,3.85,65.45
user401,2025-10-09,UK,Spicy Strips,14,3.8,53.2
user415,2025-07-16,Germany,Chicken Nuggets,16,9.43,150.88
user373,2025-05-26,UK,Grilled Tenders,8,12.7,101.6
user66,2025-07-25,Brazil,Grilled Tenders,13,4.71,61.23
user620,2025-06-06,France,Spicy Strips,3,9.76,29.28
user526,2025-03-10,Germany,Spicy Strips,8,8.39,67.12
user117,2025-01-07,Brazil,Chicken Nuggets,7,5.64,39.48
user651,2025-07-30,Brazil,Chicken Nuggets,17,14.41,244.97
user193,2025-10-17,France,Chicken Nuggets,14,11.16,156.24
user251,2025-08-17,USA,Spicy Strips,11,3.06,33.66
user693,2025-10-13,UK,Fried Wings,15,14.97,224.55
user482,2025-07-17,India,Spicy Strips,15,12.72,190.8
user615,2025-06-27,UK,Chicken Nuggets,2,3.32,6.64
user637,2025-09-06,USA,Grilled Tenders,4,6.33,25.32
user963,2025-03-26,France,Fried Wings,8,8.43,67.44
user622,2025-01-31,Germany,Spicy Strips,6,14.12,84.72
user420,2025-04-10,Brazil,Grilled Tenders,7,4.58,32.06
user225,2025-08-07,France,Grilled Tenders,6,11.78,70.68
user983,2025-10-28,Brazil,Spicy Strips,15,13.49,202.35
user326,2025-01-04,USA,Chicken Nuggets,2,3.78,7.56
user401,2025-01-19,India,Grilled Tenders,13,12.91,167.83
user284,2025-05-08,USA,Fried Wings,11,4.09,44.99
user993,2025-02-09,USA,Chicken Nuggets,7,13.82,96.74
user342,2025-05-16,India,Grilled Tenders,5,14.74,73.7
user817,2025-08-10,India,Chicken Nuggets,14,11.34,158.76
user543,2025-03-07,USA,Grilled Tenders,2,7.7,15.4
user833,2025-08-23,India,Grilled Tenders,1,10.84,10.84
user956,2025-02-27,India,Spicy Strips,18,11.49,206.82
user473,2025-09-27,Germany,Grilled Tenders,10,6.16,61.6
user390,2025-01-11,USA,Chicken Nuggets,19,10.2,193.8
user794,2025-03-26,UK,Fried Wings,13,11.92,154.96
user511,2025-06-03,UK,Chicken Nuggets,14,3.89,54.46
user364,2025-06-13,Germany,Fried Wings,19,13.07,248.33
user961,2025-06-05,Germany,Fried Wings,17,4.69,79.73
user71,2025-09-26,Brazil,Chicken Nuggets,18,2.64,47.52
user364,2025-08-31,Brazil,Chicken Nuggets,3,11.33,33.99
user4,2025-01-24,France,Spicy Strips,7,3.61,25.27
user780,2025-07-03,Germany,Chicken Nuggets,5,6.47,32.35
user351,2025-05-06,USA,Spicy Strips,14,9.88,138.32
user862,2025-06-12,Germany,Spicy Strips,3,3.9,11.7
user295,2025-02-01,France,Spicy Strips,20,11.47,229.4
user408,2025-06-05,USA,Grilled Tenders,15,5.83,87.45
user986,2025-07-22,UK,Spicy Strips,20,4.42,88.4
user872,2025-10-15,Brazil,Grilled Tenders,9,6.76,60.84
user326,2025-08-15,Germany,Grilled Tenders,5,6.43,32.15
user318,2025-09-30,India,Spicy Strips,15,10.62,159.3
user979,2025-10-17,India,Fried Wings,8,12.13,97.04
user791,2025-04-13,Germany,Grilled Tenders,3,13.2,39.6
user195,2025-07-12,Germany,Chicken Nuggets,3,4.29,12.87
user68,2025-07-09,France,Fried Wings,20,12.81,256.2
user443,2025-07-27,Brazil,Grilled Tenders,7,13.46,94.22
user152,2025-04-07,France,Chicken Nuggets,13,4.58,59.54
user55,2025-10-05,France,Fried Wings,8,8.02,64.16
user16,2025-04-08,Germany,Grilled Tenders,16,7.87,125.92
user396,2025-07-06,USA,Fried Wings,14,5.16,72.24
user740,2025-03-29,USA,Fried Wings,20,11.47,229.4
user713,2025-06-09,Germany,Spicy Strips,13,7.65,99.45
user911,2025-05-21,UK,Spicy Strips,4,13.63,54.52
user94,2025-05-24,India,Fried Wings,13,5.0,65.0
user480,2025-04-18,France,Spicy Strips,6,4.95,29.7
user640,2025-08-28,France,Fried Wings,16,7.83,125.28
user449,2025-01-21,Brazil,Spicy Strips,15,5.9,88.5
user806,2025-07-02,India,Chicken Nuggets,16,2.55,40.8
user506,2025-10-08,France,Grilled Tenders,12,8.9,106.8
user284,2025-05-02,USA,Fried Wings,7,7.66,53.62
user50,2025-04-27,India,Fried Wings,3,5.76,17.28
user63,2025-01-26,USA,Spicy Strips,5,5.0,25.0
user566,2025-03-02,France,Spicy Strips,13,12.69,164.97
user805,2025-08-15,USA,Chicken Nuggets,16,4.92,78.72
user958,2025-09-22,USA,Spicy Strips,12,11.91,142.92
user121,2025-06-07,Brazil,Spicy Strips,15,13.08,196.2
user619,2025-04-19,Brazil,Spicy Strips,16,4.35,69.6
user816,2025-05-03,Brazil,Spicy Strips,20,11.25,225.0
user714,2025-01-03,Germany,Grilled Tenders,7,3.38,23.66
user408,2025-06-30,Brazil,Spicy Strips,13,5.73,74.49
user219,2025-05-28,Germany,Grilled Tenders,8,12.23,97.84
user624,2025-01-27,UK,Fried Wings,18,14.8,266.4
user792,2025-05-24,France,Chicken Nuggets,7,10.7,74.9
user826,2025-02-11,France,Chicken Nuggets,3,4.47,13.41
user295,2025-09-25,India,Grilled Tenders,10,4.35,43.5
user14,2025-10-13,Germany,Grilled Tenders,15,5.56,83.4
user99,2025-10-02,Brazil,Fried Wings,2,5.37,10.74
user783,2025-02-09,France,Fried Wings,11,14.26,156.86
user173,2025-10-25,France,Fried Wings,4,9.18,36.72
user103,2025-04-06,USA,Fried Wings,20,14.78,295.6
user549,2025-10-09,USA,Chicken Nuggets,8,3.23,25.84
user764,2025-04-26,Brazil,Grilled Tenders,11,10.63,116.93
user959,2025-09-25,France,Chicken Nuggets,15,14.22,213.3
user153,2025-09-23,UK,Chicken Nuggets,5,7.59,37.95
user714,2025-10-17,UK,Spicy Strips,6,6.92,41.52
user685,2025-05-15,France,Fried Wings,6,2.99,17.94
user400,2025-09-01,France,Fried Wings,8,13.64,109.12
user58,2025-10-27,Germany,Grilled Tenders,4,8.17,32.68
user615,2025-09-29,Brazil,Grilled Tenders,8,13.73,109.84
user264,2025-01-20,Brazil,Grilled Tenders,3,12.95,38.85
user65,2025-01-14,India,Fried Wings,8,5.59,44.72
user753,2025-06-17,India,Fried Wings,9,12.82,115.38
user575,2025-03-21,UK,Chicken Nuggets,19,3.29,62.51
user550,2025-02-10,India,Chicken Nuggets,10,2.74,27.4
user434,2025-08-07,France,Grilled Tenders,8,12.16,97.28
user335,2025-04-20,Germany,Grilled Tenders,1,5.02,5.02
user397,2025-02-19,UK,Fried Wings,17,6.31,107.27
user729,2025-03-10,Brazil,Fried Wings,13,12.53,162.89
user407,2025-03-25,Brazil,Chicken Nuggets,20,4.93,98.6
user895,2025-04-17,USA,Spicy Strips,3,3.01,9.03
user825,2025-09-25,UK,Spicy Strips,7,9.68,67.76
user355,2025-05-20,Brazil,Spicy Strips,4,6.11,24.44
user8,2025-05-18,India,Chicken Nuggets,14,12.17,170.38
user214,2025-07-14,UK,Grilled Tenders,19,13.7,260.3
user182,2025-06-26,Brazil,Grilled Tenders,1,14.0,14.0
user133,2025-09-03,USA,Chicken Nuggets,5,3.68,18.4
user931,2025-08-13,UK,Fried Wings,8,10.07,80.56
user399,2025-10-08,France,Fried Wings,6,7.07,42.42
user533,2025-07-31,India,Chicken Nuggets,15,9.77,146.55
user65,2025-09-05,Germany,Spicy Strips,2,5.46,10.92
user250,2025-07-26,UK,Grilled Tenders,15,10.9,163.5
user93,2025-01-20,France,Chicken Nuggets,20,10.56,211.2
user409,2025-08-02,UK,Fried Wings,6,13.24,79.44
user710,2025-01-01,UK,Fried Wings,10,4.61,46.1
user190,2025-05-05,France,Chicken Nuggets,6,7.75,46.5
user290,2025-04-10,France,Chicken Nuggets,3,7.9,23.7
user774,2025-05-17,Brazil,Chicken Nuggets,12,9.58,114.96
user774,2025-05-07,UK,Grilled Tenders,19,12.32,234.08
user927,2025-06-19,Germany,Grilled Tenders,7,4.95,34.65
user481,2025-04-05,USA,Fried Wings,11,10.86,119.46
user819,2025-04-03,UK,Fried Wings,14,3.66,51.24
user627,2025-09-28,France,Spicy Strips,2,11.23,22.46
user195,2025-09-26,USA,Grilled Tenders,8,10.78,86.24
user787,2025-05-07,UK,Spicy Strips,14,6.5,91.0
user309,2025-01-07,UK,Fried Wings,14,14.35,200.9
user320,2025-06-11,Brazil,Fried Wings,11,3.68,40.48
user45,2025-01-26,Germany,Chicken Nuggets,13,14.92,193.96
user158,2025-08-14,France,Grilled Tenders,12,6.26,75.12
user710,2025-05-01,Brazil,Grilled Tenders,11,10.23,112.53
user402,2025-07-23,UK,Spicy Strips,17,10.07,171.19
user791,2025-08-31,Brazil,Grilled Tenders,10,11.18,111.8
user500,2025-07-02,France,Spicy Strips,3,8.92,26.76
user802,2025-09-09,France,Chicken Nuggets,10,13.76,137.6
user569,2025-08-21,France,Grilled Tenders,7,2.76,19.32
user556,2025-05-31,Germany,Fried Wings,12,13.1,157.2
user421,2025-07-10,USA,Grilled Tenders,10,2.9,29.0
user455,2025-05-16,India,Spicy Strips,10,10.39,103.9
user600,2025-06-24,USA,Spicy Strips,6,11.15,66.9
user897,2025-04-24,Germany,Chicken Nuggets,19,8.95,170.05
user152,2025-10-22,Germany,Fried Wings,3,14.39,43.17
user778,2025-03-05,India,Spicy Strips,3,9.81,29.43
user512,2025-03-20,USA,Spicy Strips,3,11.66,34.98
user728,2025-05-30,Germany,Fried Wings,2,5.97,11.94
user315,2025-03-14,UK,Grilled Tenders,19,9.25,175.75
user845,2025-05-18,Germany,Spicy Strips,1,13.52,13.52
user944,2025-10-13,France,Grilled Tenders,4,9.24,36.96
user650,2025-08-21,USA,Fried Wings,16,7.03,112.48
user936,2025-01-14,USA,Spicy Strips,6,5.36,32.16
user26,2025-06-02,France,Spicy Strips,17,4.01,68.17
user357,2025-07-27,USA,Fried Wings,13,5.64,73.32
user810,2025-08-06,UK,Fried Wings,20,11.33,226.6
user465,2025-05-29,USA,Spicy Strips,10,9.65,96.5
user596,2025-03-28,UK,Fried Wings,7,6.53,45.71
user112,2025-01-15,Brazil,Chicken Nuggets,9,4.75,42.75
user834,2025-07-15,UK,Chicken Nuggets,7,10.25,71.75
user428,2025-03-08,USA,Chicken Nuggets,17,8.82,149.94
user314,2025-06-02,Brazil,Chicken Nuggets,10,13.91,139.1
user541,2025-10-03,Germany,Grilled Tenders,7,12.6,88.2
user669,2025-02-13,France,Grilled Tenders,20,8.7,174.0
user891,2025-06-27,USA,Fried Wings,16,8.77,140.32
user243,2025-04-13,France,Grilled Tenders,6,9.75,58.5
user680,2025-06-05,Germany,Chicken Nuggets,8,13.77,110.16
user313,2025-04-29,Brazil,Fried Wings,9,13.0,117.0
user567,2025-10-04,Germany,Chicken Nuggets,7,12.09,84.63
user941,2025-08-21,France,Spicy Strips,9,12.66,113.94
user775,2025-09-24,USA,Fried Wings,14,13.65,191.1
user182,2025-09-09,Germany,Fried Wings,13,5.83,75.79
user137,2025-09-23,Brazil,Chicken Nuggets,3,14.47,43.41
user43,2025-01-23,Brazil,Chicken Nuggets,4,3.14,12.56
user315,2025-04-12,India,Chicken Nuggets,13,2.59,33.67
user931,2025-01-04,Brazil,Fried Wings,10,5.35,53.5
user339,2025-04-15,India,Spicy Strips,11,12.18,133.98
user316,2025-07-05,USA,Chicken Nuggets,16,12.98,207.68
user845,2025-09-03,France,Fried Wings,9,6.69,60.21
user713,2025-03-02,USA,Fried Wings,12,8.36,100.32
user186,2025-05-22,India,Spicy Strips,13,2.6,33.8
user569,2025-03-09,UK,Grilled Tenders,6,8.48,50.88
user842,2025-05-21,France,Spicy Strips,17,4.26,72.42
user814,2025-10-08,Germany,Grilled Tenders,8,8.23,65.84
user779,2025-08-27,Brazil,Fried Wings,18,2.99,53.82
user970,2025-10-19,Germany,Chicken Nuggets,7,14.8,103.6
user471,2025-09-12,India,Chicken Nuggets,4,5.11,20.44
user836,2025-07-20,Brazil,Fried Wings,8,11.92,95.36
user394,2025-05-19,India,Grilled Tenders,4,11.01,44.04
user864,2025-08-21,USA,Grilled Tenders,4,13.29,53.16
user333,2025-10-15,USA,Grilled Tenders,9,12.41,111.69
user745,2025-10-08,France,Chicken Nuggets,10,8.36,83.6
user210,2025-08-14,Germany,Spicy Strips,10,2.79,27.9
user335,2025-04-13,Germany,Chicken Nuggets,8,3.61,28.88
user72,2025-10-02,France,Chicken Nuggets,10,5.96,59.6
user802,2025-03-05,Germany,Grilled Tenders,8,3.71,29.68
user90,2025-01-13,France,Chicken Nuggets,14,6.59,92.26
user972,2025-03-01,France,Fried Wings,19,3.38,64.22
user322,2025-05-21,USA,Grilled Tenders,6,3.75,22.5
user85,2025-10-28,India,Fried Wings,13,13.73,178.49
user234,2025-07-28,Brazil,Fried Wings,3,10.25,30.75
user110,2025-01-27,Brazil,Fried Wings,11,12.56,138.16
user666,2025-08-11,Germany,Chicken Nuggets,7,4.24,29.68
user294,2025-04-20,India,Fried Wings,5,8.07,40.35
user985,2025-03-05,Brazil,Spicy Strips,20,3.88,77.6
user324,2025-03-07,Germany,Fried Wings,15,12.89,193.35
user573,2025-03-17,Brazil,Chicken Nuggets,10,4.04,40.4
user419,2025-01-30,Brazil,Spicy Strips,9,12.95,116.55
user939,2025-04-06,Germany,Grilled Tenders,19,7.19,136.61
user572,2025-06-02,Germany,Grilled Tenders,1,4.97,4.97
user201,2025-06-04,France,Chicken Nuggets,5,14.24,71.2
user437,2025-10-20,Brazil,Grilled Tenders,4,9.88,39.52
user573,2025-08-01,Germany,Grilled Tenders,18,4.93,88.74
user21,2025-07-10,India,Fried Wings,13,9.17,119.21
user612,2025-08-18,India,Spicy Strips,1,6.65,6.65
user241,2025-02-08,India,Spicy Strips,18,14.56,262.08
user31,2025-04-22,France,Fried Wings,4,12.32,49.28
user442,2025-10-05,UK,Grilled Tenders,13,12.79,166.27
user114,2025-07-04,France,Grilled Tenders,12,4.16,49.92
user315,2025-04-17,France,Grilled Tenders,12,2.73,32.76
user870,2025-01-24,Germany,Fried Wings,15,13.64,204.6
user149,2025-04-23,Brazil,Fried Wings,15,11.21,168.15
user415,2025-09-04,India,Fried Wings,19,11.39,216.41
user38,2025-02-15,UK,Grilled Tenders,10,9.38,93.8
user812,2025-03-08,Germany,Fried Wings,8,13.95,111.6
user99,2025-03-07,USA,Grilled Tenders,12,13.03,156.36
user439,2025-10-01,India,Spicy Strips,17,10.01,170.17
user366,2025-09-24,India,Fried Wings,20,9.62,192.4
user844,2025-02-10,India,Grilled Tenders,3,6.51,19.53
user213,2025-02-09,France,Spicy Strips,6,9.02,54.12
user901,2025-04-03,Brazil,Spicy Strips,4,5.19,20.76
user411,2025-10-20,Brazil,Fried Wings,17,9.27,157.59
user988,2025-06-20,France,Spicy Strips,1,13.08,13.08
user440,2025-06-28,USA,Chicken Nuggets,16,14.17,226.72
user439,2025-02-28,India,Grilled Tenders,13,7.37,95.81
user851,2025-09-05,Brazil,Spicy Strips,3,12.45,37.35
user302,2025-05-18,UK,Spicy Strips,19,3.02,57.38
user596,2025-01-04,Germany,Grilled Tenders,20,9.58,191.6
user587,2025-05-06,USA,Chicken Nuggets,7,11.45,80.15
user704,2025-01-11,India,Grilled Tenders,1,7.63,7.63
user328,2025-02-19,USA,Grilled Tenders,3,8.49,25.47
user194,2025-03-19,France,Fried Wings,3,2.91,8.73
user561,2025-09-07,UK,Chicken Nuggets,10,6.39,63.9
user398,2025-09-27,Brazil,Spicy Strips,18,5.81,104.58
user248,2025-05-19,Germany,Chicken Nuggets,15,5.04,75.6
user249,2025-10-23,India,Spicy Strips,12,10.18,122.16
user864,2025-08-01,Germany,Chicken Nuggets,1,6.14,6.14
user842,2025-09-22,India,Chicken Nuggets,3,8.89,26.67
user162,2025-08-28,India,Chicken Nuggets,13,3.32,43.16
user637,2025-09-18,Germany,Fried Wings,7,5.76,40.32
user2,2025-02-11,USA,Chicken Nuggets,18,10.93,196.74
user607,2025-10-20,UK,Spicy Strips,6,8.83,52.98
user547,2025-06-17,France,Chicken Nuggets,5,10.78,53.9
user455,2025-06-28,USA,Grilled Tenders,17,12.92,219.64
user424,2025-02-09,Germany,Chicken Nuggets,12,7.21,86.52
user377,2025-09-17,Brazil,Spicy Strips,12,3.25,39.0
user294,2025-02-14,USA,Chicken Nuggets,12,14.43,173.16
user571,2025-02-08,UK,Chicken Nuggets,12,3.54,42.48
user877,2025-08-26,France,Chicken Nuggets,5,6.92,34.6
user776,2025-05-08,India,Grilled Tenders,14,11.15,156.1
user572,2025-05-21,UK,Grilled Tenders,12,14.71,176.52
user863,2025-09-19,USA,Grilled Tenders,20,5.75,115.0
user140,2025-06-15,Brazil,Chicken Nuggets,18,2.75,49.5
user172,2025-01-31,USA,Spicy Strips,18,4.41,79.38
user854,2025-03-21,UK,Spicy Strips,18,12.47,224.46
user545,2025-03-30,Germany,Fried Wings,16,8.43,134.88
user51,2025-07-25,UK,Grilled Tenders,9,9.62,86.58
user309,2025-07-17,Germany,Grilled Tenders,7,7.58,53.06
user191,2025-06-11,India,Grilled Tenders,20,3.71,74.2
user379,2025-06-13,UK,Grilled Tenders,12,5.05,60.6
user54,2025-05-25,Brazil,Fried Wings,15,13.41,201.15
user355,2025-04-21,UK,Grilled Tenders,11,11.78,129.58
user440,2025-03-25,India,Grilled Tenders,4,13.52,54.08
user708,2025-09-16,USA,Chicken Nuggets,16,14.92,238.72
user476,2025-08-23,Brazil,Chicken Nuggets,20,2.58,51.6
user398,2025-07-15,Germany,Chicken Nuggets,6,14.36,86.16
user571,2025-03-23,Brazil,Grilled Tenders,17,7.8,132.6
user452,2025-10-13,USA,Fried Wings,15,13.13,196.95
user129,2025-04-13,Germany,Grilled Tenders,18,10.47,188.46
user869,2025-03-13,USA,Fried Wings,2,14.73,29.46
user115,2025-10-13,France,Grilled Tenders,8,7.13,57.04
user625,2025-08-13,UK,Fried Wings,9,7.37,66.33
user344,2025-10-20,France,Fried Wings,4,8.23,32.92
user282,2025-06-30,Germany,Chicken Nuggets,19,10.31,195.89
user973,2025-02-13,France,Chicken Nuggets,3,6.8,20.4
user520,2025-07-05,USA,Grilled Tenders,19,9.04,171.76
user855,2025-05-13,Germany,Fried Wings,15,9.25,138.75
user161,2025-09-25,Brazil,Grilled Tenders,10,13.36,133.6
user420,2025-04-04,Germany,Grilled Tenders,17,12.37,210.29
user57,2025-03-21,France,Fried Wings,11,6.4,70.4
user826,2025-02-01,France,Fried Wings,3,8.95,26.85
user885,2025-02-17,India,Grilled Tenders,4,10.01,40.04
user713,2025-09-13,India,Chicken Nuggets,18,4.84,87.12
user102,2025-03-05,Brazil,Spicy Strips,17,14.13,240.21
user291,2025-03-28,UK,Spicy Strips,13,11.52,149.76
user822,2025-02-10,India,Spicy Strips,2,8.61,17.22
user769,2025-07-23,Brazil,Fried Wings,8,3.95,31.6
user734,2025-04-05,India,Fried Wings,12,4.94,59.28
user50,2025-07-26,UK,Chicken Nuggets,4,7.92,31.68
user622,2025-05-06,India,Spicy Strips,20,9.8,196.0
user375,2025-08-26,India,Grilled Tenders,5,6.99,34.95
user16,2025-05-31,India,Chicken Nuggets,2,10.89,21.78
user324,2025-09-27,India,Spicy Strips,4,11.06,44.24
user509,2025-01-08,Brazil,Spicy Strips,13,12.78,166.14
user517,2025-03-20,India,Grilled Tenders,20,12.54,250.8
user447,2025-07-07,UK,Chicken Nuggets,19,9.44,179.36
user544,2025-08-06,Germany,Fried Wings,1,6.07,6.07
user303,2025-09-19,Germany,Fried Wings,9,12.56,113.04
user692,2025-03-07,India,Grilled Tenders,1,4.57,4.57
user602,2025-09-25,Brazil,Grilled Tenders,10,14.91,149.1
user899,2025-09-22,USA,Fried Wings,4,8.72,34.88
user54,2025-10-06,USA,Spicy Strips,13,13.7,178.1
user386,2025-02-03,UK,Fried Wings,5,5.26,26.3
user640,2025-06-26,UK,Grilled Tenders,3,5.54,16.62
user54,2025-02-16,India,Chicken Nuggets,11,8.87,97.57
user940,2025-06-27,Brazil,Grilled Tenders,3,9.0,27.0
user5,2025-07-21,UK,Spicy Strips,4,11.97,47.88
user203,2025-08-20,India,Grilled Tenders,9,11.82,106.38
user347,2025-03-02,India,Chicken Nuggets,16,12.1,193.6
user784,2025-02-16,USA,Chicken Nuggets,19,10.31,195.89
user426,2025-05-18,Brazil,Fried Wings,20,11.84,236.8
user540,2025-03-11,USA,Chicken Nuggets,10,13.54,135.4
user572,2025-09-27,India,Grilled Tenders,16,4.34,69.44
user202,2025-04-06,India,Spicy Strips,18,12.17,219.06
user663,2025-01-08,India,Fried Wings,6,12.92,77.52
user786,2025-06-20,UK,Spicy Strips,10,7.09,70.9
user718,2025-10-25,UK,Grilled Tenders,4,7.68,30.72
user203,2025-05-09,India,Chicken Nuggets,1,9.89,9.89
user143,2025-05-03,USA,Fried Wings,7,6.76,47.32
user489,2025-09-07,Brazil,Spicy Strips,19,6.06,115.14
user516,2025-09-02,Germany,Grilled Tenders,11,7.08,77.88
user655,2025-10-17,India,Fried Wings,19,12.68,240.92
user279,2025-03-08,Brazil,Spicy Strips,14,4.34,60.76
user740,2025-10-04,Germany,Chicken Nuggets,19,2.99,56.81
user852,2025-03-26,Brazil,Chicken Nuggets,13,6.82,88.66
user241,2025-06-02,Germany,Spicy Strips,11,3.04,33.44
user48,2025-10-03,Germany,Spicy Strips,2,7.17,14.34
user273,2025-08-07,India,Grilled Tenders,19,4.54,86.26
user726,2025-05-26,France,Fried Wings,18,4.0,72.0
user564,2025-05-16,Brazil,Spicy Strips,2,10.38,20.76
user17,2025-07-23,Germany,Grilled Tenders,20,4.05,81.0
user864,2025-01-08,USA,Spicy Strips,19,4.93,93.67
user835,2025-03-11,Germany,Chicken Nuggets,2,8.48,16.96
user646,2025-07-24,India,Grilled Tenders,18,7.17,129.06
user761,2025-06-27,France,Chicken Nuggets,20,12.11,242.2
user492,2025-01-26,Brazil,Fried Wings,8,13.68,109.44
user42,2025-02-10,India,Spicy Strips,16,14.23,227.68
user962,2025-08-26,Germany,Spicy Strips,4,10.1,40.4
user620,2025-05-25,Brazil,Chicken Nuggets,13,14.88,193.44
user652,2025-10-24,India,Fried Wings,17,4.6,78.2
user236,2025-09-24,Germany,Fried Wings,3,4.81,14.43
user428,2025-08-13,Germany,Grilled Tenders,8,2.56,20.48
user727,2025-01-13,France,Fried Wings,1,3.36,3.36
user105,2025-07-16,Brazil,Spicy Strips,16,13.91,222.56
user128,2025-06-20,India,Fried Wings,8,9.57,76.56
user191,2025-06-21,France,Spicy Strips,5,9.15,45.75
user471,2025-07-09,Brazil,Chicken Nuggets,14,10.36,145.04
user933,2025-01-07,India,Spicy Strips,13,14.62,190.06
user677,2025-05-27,Germany,Spicy Strips,11,13.52,148.72
user326,2025-01-20,USA,Spicy Strips,1,12.52,12.52
user442,2025-04-17,USA,Fried Wings,12,3.78,45.36
user927,2025-03-27,UK,Chicken Nuggets,7,5.64,39.48
user931,2025-01-14,France,Grilled Tenders,18,8.15,146.7
user334,2025-04-20,Brazil,Grilled Tenders,17,4.63,78.71
user783,2025-09-01,India,Chicken Nuggets,19,4.35,82.65
user865,2025-07-09,USA,Fried Wings,11,6.75,74.25
user230,2025-07-06,India,Grilled Tenders,15,8.85,132.75
user513,2025-02-10,USA,Chicken Nuggets,8,2.63,21.04
user908,2025-02-26,Germany,Fried Wings,17,9.88,167.96
user367,2025-03-11,UK,Fried Wings,8,10.89,87.12
user925,2025-10-21,Brazil,Grilled Tenders,20,9.69,193.8
user414,2025-06-28,India,Fried Wings,8,2.6,20.8
user957,2025-03-30,UK,Fried Wings,6,10.6,63.6
user143,2025-02-20,India,Chicken Nuggets,11,11.12,122.32
user583,2025-04-02,Brazil,Grilled Tenders,11,6.6,72.6
user899,2025-03-12,USA,Grilled Tenders,20,7.27,145.4
user321,2025-01-22,UK,Chicken Nuggets,19,7.78,147.82
user808,2025-09-06,Germany,Spicy Strips,2,8.09,16.18
user280,2025-05-19,France,Fried Wings,2,12.5,25.0
user718,2025-01-05,USA,Grilled Tenders,8,7.47,59.76
user909,2025-08-19,USA,Grilled Tenders,20,7.16,143.2
user214,2025-08-30,USA,Chicken Nuggets,15,11.11,166.65
user716,2025-02-18,USA,Chicken Nuggets,18,8.08,145.44
user207,2025-02-04,UK,Fried Wings,19,8.13,154.47
user181,2025-03-17,UK,Spicy Strips,8,4.75,38.0
user927,2025-01-26,India,Chicken Nuggets,20,3.41,68.2
user478,2025-10-13,India,Fried Wings,5,11.4,57.0
user362,2025-04-28,Brazil,Grilled Tenders,6,13.87,83.22
user279,2025-03-18,France,Fried Wings,2,3.25,6.5
user419,2025-01-07,UK,Spicy Strips,13,10.03,130.39
user714,2025-05-09,Brazil,Fried Wings,7,8.11,56.77
user273,2025-02-04,Germany,Chicken Nuggets,8,13.37,106.96
user243,2025-05-31,USA,Grilled Tenders,4,7.12,28.48
user43,2025-02-27,Brazil,Spicy Strips,17,3.3,56.1
user162,2025-05-26,Brazil,Spicy Strips,8,10.3,82.4
user310,2025-09-17,Germany,Spicy Strips,6,7.7,46.2
user83,2025-07-17,UK,Grilled Tenders,3,5.09,15.27
user182,2025-05-02,UK,Fried Wings,18,13.42,241.56
user444,2025-08-21,UK,Chicken Nuggets,20,7.04,140.8
user282,2025-09-14,USA,Grilled Tenders,4,5.79,23.16
user50,2025-03-31,USA,Grilled Tenders,5,5.43,27.15
user142,2025-05-05,France,Fried Wings,6,14.98,89.88
user503,2025-03-10,India,Grilled Tenders,17,5.05,85.85
user54,2025-02-16,India,Chicken Nuggets,6,3.59,21.54
user753,2025-01-23,Germany,Grilled Tenders,1,2.75,2.75
user799,2025-02-17,UK,Spicy Strips,2,8.95,17.9
user919,2025-06-11,Germany,Chicken Nuggets,13,10.25,133.25
user100,2025-03-23,India,Grilled Tenders,11,13.7,150.7
user971,2025-02-28,France,Chicken Nuggets,7,3.59,25.13
user77,2025-05-29,USA,Grilled Tenders,12,6.75,81.0
user3,2025-07-05,India,Spicy Strips,10,5.93,59.3
user337,2025-09-01,France,Grilled Tenders,1,3.44,3.44
user393,2025-08-05,Germany,Chicken Nuggets,13,3.83,49.79
user305,2025-08-10,Germany,Chicken Nuggets,15,4.85,72.75
user272,2025-01-28,USA,Spicy Strips,15,4.97,74.55
user201,2025-10-09,France,Spicy Strips,17,4.53,77.01
user343,2025-07-24,India,Grilled Tenders,13,13.95,181.35
user687,2025-10-11,UK,Spicy Strips,5,6.43,32.15
user949,2025-05-26,Germany,Chicken Nuggets,11,12.94,142.34
user352,2025-07-21,France,Spicy Strips,16,4.95,79.2
user944,2025-01-11,USA,Fried Wings,8,12.73,101.84
user108,2025-01-24,UK,Fried Wings,15,3.64,54.6
user840,2025-03-26,UK,Chicken Nuggets,3,4.31,12.93
user45,2025-03-01,France,Chicken Nuggets,5,6.51,32.55
user123,2025-02-14,Germany,Spicy Strips,1,14.7,14.7
user634,2025-03-28,Germany,Fried Wings,10,14.92,149.2
user419,2025-09-24,Germany,Fried Wings,15,6.61,99.15
user337,2025-01-05,India,Spicy Strips,20,2.66,53.2
user58,2025-04-21,UK,Grilled Tenders,12,6.17,74.04
user21,2025-01-23,Germany,Spicy Strips,5,3.42,17.1
user335,2025-02-23,USA,Chicken Nuggets,5,6.28,31.4
user505,2025-02-20,Germany,Chicken Nuggets,18,10.12,182.16
user689,2025-10-01,Germany,Fried Wings,16,3.03,48.48
user697,2025-02-11,Germany,Spicy Strips,19,12.03,228.57
user975,2025-06-22,Brazil,Grilled Tenders,1,7.0,7.0
user801,2025-05-23,UK,Fried Wings,5,12.74,63.7
user221,2025-08-19,India,Chicken Nuggets,12,10.72,128.64
user34,2025-06-21,France,Chicken Nuggets,9,2.67,24.03
user806,2025-05-09,India,Grilled Tenders,10,3.13,31.3
user459,2025-07-13,India,Spicy Strips,6,6.72,40.32
user386,2025-02-16,India,Fried Wings,2,6.63,13.26
user907,2025-01-19,Germany,Grilled Tenders,5,10.23,51.15
user106,2025-06-19,Brazil,Grilled Tenders,4,6.4,25.6
user93,2025-08-30,France,Grilled Tenders,19,5.85,111.15
user202,2025-03-11,USA,Spicy Strips,9,12.49,112.41
user624,2025-02-02,France,Spicy Strips,13,6.6,85.8
user578,2025-10-20,France,Chicken Nuggets,7,7.28,50.96
user747,2025-07-25,USA,Spicy Strips,5,10.57,52.85
user877,2025-05-26,India,Chicken Nuggets,14,5.48,76.72
user176,2025-09-13,Germany,Spicy Strips,5,8.94,44.7
user114,2025-01-03,India,Chicken Nuggets,9,3.81,34.29
user976,2025-08-25,India,Grilled Tenders,7,14.74,103.18
user335,2025-04-23,USA,Fried Wings,9,10.58,95.22
user726,2025-06-13,France,Fried Wings,18,4.3,77.4
